{
	"width" : 1242,
	"height" : 375,
	"intrinsic_matrix" : 
	[
		7.215377000000e+02,
		0,
		0,
		0,
		7.215377000000e+02,
		0,
		6.095593000000e+02, 
		1.728540000000e+02,
		1
	]
}
